{"averageRecall":0.6952351636914469,"averagePrecision":0.5412519227094135}